title;description;createdAt;image
Jak zimowe warunki wpływają na trening na świeżym powietrzu; Trening na świeżym powietrzu może być wyjątkowo ekscytujący, ale zimowe warunki pogodowe mogą stanowić wyzwanie. Nasz artykuł zawiera porady, jak bezpiecznie i efektywnie ćwiczyć na świeżym powietrzu w okresie zimowym. Dowiedz się, jak ubierać się odpowiednio, jak chronić się przed chłodem i jak dostosować swoje treningi do zmieniających się warunków;2023-01-04;zimaSport.png
Kobiety na siłowni: Rola treningu siłowego w zdrowym życiu; Trening siłowy ma wiele korzyści dla kobiet, nie tylko w kwestii sylwetki, ale także zdrowia. Nasz artykuł omawia, dlaczego kobiety powinny uwzględnić trening siłowy w swoim planie treningowym. Dowiedz się, jak trening siłowy może poprawić zdrowie kostno-mięśniowe, metabolizm i poziom energii;2023-01-12;kobietySilownia.png
Jak efektywnie planować posiłki wokół treningów na siłowni; Planowanie posiłków wokół treningów ma istotny wpływ na osiągane rezultaty. Nasz artykuł zawiera praktyczne wskazówki, jak dostosować dietę do swoich celów treningowych. Dowiedz się, jakie posiłki spożywać przed i po treningu, aby poprawić wydajność i regenerację;2023-01-27;posilekTrening.png
Trening interwałowy (HIIT): Skuteczna metoda spalania kalorii i poprawy wydolności; Trening interwałowy (HIIT) to intensywna forma treningu, która krótkimi interwałami wysiłku i odpoczynku przynosi znakomite wyniki. Nasz artykuł omawia korzyści płynące z HIIT, jak spalanie kalorii, poprawa wydolności i skrócenie czasu treningu. Dowiedz się, jak zacząć trening interwałowy i jak go dostosować do swoich umiejętności;2023-02-08;hiit.png
Motywacja na siłowni: Jak utrzymać zaangażowanie w treningach; Motywacja to kluczowy czynnik sukcesu na siłowni. Nasz artykuł prezentuje strategie, które pomogą ci utrzymać zaangażowanie w treningach przez dłuższy czas. Dowiedz się, jak określić cele, tworzyć harmonogram treningów i korzystać z wsparcia innych ćwiczących, aby utrzymać motywację na wysokim poziomie;2023-02-22;motywacjaSilka.png
Jak przygotować się do zawodów biegowych: Porady dla początkujących;Start w zawodach biegowych może być ekscytujący i satysfakcjonujący. Nasz artykuł zawiera praktyczne porady, jak przygotować się do zawodów biegowych, szczególnie dla początkujących. Dowiedz się, jak budować plan treningowy, kontrolować postępy i zachować zdrowy styl życia przed zawodami;2023-03-02;zawodyBieg.png
Dla miłośników biegania: Jak unikać kontuzji i dbać o zdrowe stopy; Bieganie to wspaniała forma aktywności, ale wymaga również odpowiedniej opieki nad stopami. Nasz artykuł omawia, jak unikać kontuzji stóp podczas biegania. Dowiedz się, jak dobierać odpowiednie buty do biegania, jak dbać o higienę stóp i jak rozwiązywać ewentualne problemy związane z tymi narządami;2023-03-20;bieganie.png
Rola odżywiania w regeneracji po treningu; Odżywianie odgrywa kluczową rolę w procesie regeneracji po treningu. Nasz artykuł przedstawia, jakie składniki odżywcze są szczególnie ważne w okresie po treningu. Dowiedz się, jak dostarczyć organizmowi odpowiednią ilość białka, węglowodanów i mikroelementów, aby przyspieszyć proces regeneracji mięśni;2023-04-05;fitShake.png
Jak wybrać odpowiednią siłownię dla siebie; Wybór odpowiedniej siłowni może mieć znaczący wpływ na twoje wyniki treningowe i motywację. Nasz artykuł zawiera wskazówki, jak dokładnie wybrać siłownię, uwzględniając lokalizację, ofertę sprzętu, atmosferę i godziny otwarcia. Dowiedz się, jak znaleźć idealne miejsce do ćwiczeń;2023-04-15;silowniaSprzet.png
Jak zintegrować treningi siłowe z innymi formami aktywności fizycznej; Trening siłowy może być doskonałym uzupełnieniem innych form aktywności fizycznej, takich jak bieganie, joga czy pływanie. Nasz artykuł prezentuje strategie, jak zintegrować treningi siłowe z innymi formami aktywności, aby osiągnąć kompleksowe korzyści dla zdrowia i kondycji;2023-04-25;integracja.png
Zasady zdrowego trybu życia na siłowni; Zdrowy tryb życia to fundament sukcesu na siłowni. Nasz artykuł omawia zasady zdrowego żywienia, odpowiedniego odpoczynku i utrzymania równowagi między treningiem a życiem codziennym. Dowiedz się, jak kształtować nawyki, które poprawią twoje wyniki na siłowni i ogólną jakość życia;2023-04-31;zdrowo.png
Jak osiągnąć równowagę między pracą a treningiem na siłowni; Praca i trening na siłowni to ważne elementy życia, ale czasem trudno jest znaleźć równowagę między nimi. Nasz artykuł zawiera strategie, jak efektywnie zarządzać czasem i osiągnąć równowagę między pracą a treningiem. Dowiedz się, jak planować dni, aby zdążyć z wszystkim;2023-05-10;pracaTrening.png
Jak wykorzystać technologię w treningu na siłowni; Technologia może być przydatna narzędziem w doskonaleniu swojego treningu na siłowni. Nasz artykuł prezentuje różne aplikacje, urządzenia i technologie, które mogą pomóc w monitorowaniu postępów, planowaniu treningów i utrzymaniu motywacji. Dowiedz się, jak wykorzystać technologię w swoim treningowym zestawie narzędzi;2023-05-22;technologia.png
Nowy sezon, nowe cele: Jak określić i osiągnąć swoje cele fitness na wiosnę; Nowa pora roku to doskonały moment na określenie nowych celów fitness i treningowych. Nasz artykuł zawiera wskazówki, jak określić konkretne cele i opracować plan działania, aby je osiągnąć. Dowiedz się, jak wykorzystać wiosnę do poprawy swojej kondycji;2023-06-05;noweCele.png
Kiedy najlepiej ćwiczyć na siłowni: Porównanie treningu porannego i wieczornego; Wybór najlepszego czasu na trening może być kluczowy dla efektywności. Nasz artykuł porównuje trening poranny z wieczornym i omawia zalety i wady każdego z tych podejść. Dowiedz się, jak dostosować swój plan treningowy do swojego harmonogramu;2023-06-15;kiedyCwiczyc.png
Jak efektywnie budować mięśnie na siłowni: Wskazówki od doświadczonych kulturystów; Kulturystyka to sztuka budowania masy mięśniowej i rzeźbienia sylwetki. Nasz artykuł prezentuje wskazówki od doświadczonych kulturystów, jak efektywnie budować mięśnie na siłowni. Dowiedz się, jakie techniki treningowe i diety są stosowane przez najlepszych w tej dziedzinie;2023-06-25;kulturystyka.png
Nowe trendy w treningu na siłowni: Co jest modne w 2023 roku; Świat fitnessu ciągle ewoluuje, a nowe trendy pojawiają się każdego roku. Nasz artykuł przedstawia najnowsze trendy w treningu na siłowni na rok 2023. Dowiedz się, jakie nowości i innowacje można wypróbować, aby urozmaicić swoje treningi;2023-07-05;trendySilka.png
Jak radzić sobie z bólem mięśni po intensywnym treningu; Ból mięśni po intensywnym treningu to zjawisko powszechne. Nasz artykuł zawiera porady, jak radzić sobie z tym bólem i przyspieszyć proces regeneracji mięśni. Dowiedz się, jakie ćwiczenia i techniki mogą pomóc złagodzić ból i uczucie sztywności;2023-07-15;bolMiesni.png
Trening na siłowni a zdrowie psychiczne: Jak ćwiczenia wpływają na samopoczucie i stres; Trening na siłowni ma pozytywny wpływ nie tylko na ciało, ale także na zdrowie psychiczne. Nasz artykuł omawia, jak ćwiczenia wpływają na samopoczucie, redukują stres i poprawiają ogólną jakość życia. Dowiedz się, jak dbać o zdrowie psychiczne poprzez regularny trening;2023-07-25;zdrowiePsychiczne.png
Suplementy na siłownię: Jakie warto wybrać i jak je stosować; Suplementacja może być pomocna dla osób trenujących na siłowni, ale wybór odpowiednich suplementów i ich stosowanie wymaga rozwagi. Nasz artykuł omawia, jakie suplementy są szczególnie przydatne dla sportowców i jak je właściwie stosować. Dowiedz się, jakie suplementy warto rozważyć w swoim planie treningowym;2023-08-05;suplementySilka.png
Jak efektywnie trenować na siłowni w krótkim czasie: Treningi dla zabieganych; Brak czasu nie jest już wymówką do unikania treningu na siłowni. Nasz artykuł prezentuje strategie, jak efektywnie trenować w krótkim czasie. Dowiedz się, jakie treningi o krótkim czasie trwania są skuteczne i jak zaplanować intensywne sesje na siłowni, które przyniosą wyniki;2023-08-15;silowniaCzas.png
Czy trening na czczo to dobry pomysł? Korzyści i ryzyka; Trening na czczo to kontrowersyjna praktyka, która ma swoich zwolenników i przeciwników. Nasz artykuł analizuje korzyści i ryzyka związane z treningiem na czczo. Dowiedz się, kiedy taka forma treningu może być odpowiednia i jakie są jej potencjalne skutki dla organizmu;2023-08-25;treningNaCzczo.png
Dieta ketogeniczna a trening na siłowni: Czy to dobre połączenie?; Dieta ketogeniczna to specyficzna forma diety, która ogranicza spożycie węglowodanów. Nasz artykuł omawia, czy dieta ketogeniczna może być skuteczna w połączeniu z treningiem na siłowni. Dowiedz się, jak dostosować dietę do swoich celów treningowych i jakie mogą być efekty tego połączenia;2023-09-05;ketoSilka.png
Praktyczne wskazówki dla rodziców ćwiczących na siłowni: Jak pogodzić opiekę nad dziećmi z treningiem; Rodzice często mają trudności z pogodzeniem opieki nad dziećmi z regularnym treningiem na siłowni. Nasz artykuł zawiera praktyczne wskazówki, jak znaleźć czas na trening i zapewnić opiekę nad dziećmi. Dowiedz się, jak zorganizować swoje życie, aby dbać o siebie i rodzinę jednocześnie;2023-09-15;rodziceSilownia.png
Suplementy na siłownię a zdrowie: Jak unikać niebezpieczeństw; Niewłaściwe stosowanie suplementów może zagrażać zdrowiu. Nasz artykuł omawia, jak unikać potencjalnych niebezpieczeństw związanego z suplementacją na siłowni. Dowiedz się, jakie są ryzyka i jakie środki ostrożności należy przyjąć podczas stosowania suplementów;2023-09-25;suplementyZdrowie.png
Trening obwodowy: Skuteczna forma treningu na siłowni dla różnych celów; Trening obwodowy to wszechstronna forma treningu, która może być dostosowana do różnych celów. Nasz artykuł prezentuje zalety treningu obwodowego i jak go stosować w zależności od swoich celów treningowych. Dowiedz się, jak zróżnicować trening obwodowy, aby osiągnąć pożądane wyniki;2023-10-06;treningObwodowy.png
Wpływ snu na wyniki treningowe: Dlaczego sen jest tak ważny dla regeneracji; Sen odgrywa kluczową rolę w procesie regeneracji po treningu. Nasz artykuł omawia wpływ snu na wyniki treningowe i dlaczego sen jest tak ważny dla zdrowia i kondycji. Dowiedz się, jak poprawić jakość snu i jego wpływ na Twoje osiągnięcia na siłowni;2023-10-15;sen.png
Jak osiągnąć zaawansowane cele treningowe: Wskazówki dla doświadczonych ćwiczących; Osoby zaawansowane w treningu na siłowni często mają zaawansowane cele. Nasz artykuł zawiera wskazówki, jak osiągnąć zaawansowane cele treningowe, takie jak budowa masy mięśniowej czy osiągnięcie wysokiej wydolności. Dowiedz się, jak dostosować trening i dietę do zaawansowanych potrzeb;2023-10-25;celeTreningowe.png
Ćwiczenia funkcjonalne: Skuteczna forma treningu dla codziennych wyzwań; Ćwiczenia funkcjonalne to forma treningu, która przygotowuje do codziennych aktywności i wyzwań. Nasz artykuł prezentuje zalety treningu funkcjonalnego i jakie ćwiczenia można wykonywać, aby poprawić swoją funkcjonalność. Dowiedz się, jak trenować, aby być gotowym na każdą sytuację;2022-11-05;cwiczeniaFunkcjonalne.png
Rola suplementacji w diecie wegańskiej na siłowni; Dieta wegańska na siłowni może być wyzwaniem pod względem dostarczania odpowiednich składników odżywczych. Nasz artykuł omawia rolę suplementacji w diecie wegańskiej i jakie suplementy mogą być przydatne dla wegan trenujących na siłowni. Dowiedz się, jak dbać o pełnowartościową dietę wegańską;2022-11-15;suplementyVegan.png
Jak zmotywować się do treningu na siłowni w okresie zimowym; Zimowa aura może być wyzwaniem dla motywacji do treningu na siłowni. Nasz artykuł zawiera praktyczne wskazówki, jak zmotywować się do ćwiczeń w okresie zimowym. Dowiedz się, jak pokonać lenistwo i utrzymać regularność treningów, niezależnie od pogody;2023-11-22;motywacja.png
Nowa siłownia "GymFit" otwarta w centrum miasta;Mamy przyjemność ogłosić otwarcie naszej nowo wyremontowanej siłowni GymFit, która oferuje nowoczesny sprzęt, profesjonalnych trenerów i różnorodne zajęcia grupowe. Nasza siłownia jest miejscem, gdzie każdy może znaleźć coś dla siebie, niezależnie od poziomu zaawansowania;2023-06-15;gymFit.png
Jak skutecznie spalić kalorie na siłowni;Jednym z głównych celów wielu osób na siłowni jest spalanie kalorii i utrata wagi. W naszym artykule znajdziesz skuteczne strategie, które pomogą ci osiągnąć te cele. Przedstawimy różne rodzaje treningu oraz wskazówki dotyczące diety, aby pomóc ci w efektywnym spalaniu kalorii i osiągnięciu swoich celów;2023-06-22;spalanieKalorii.png
Trening siłowy a starzenie się;Trening siłowy ma wiele korzyści, niezależnie od wieku, ale jest szczególnie ważny w późniejszych latach. Nasz artykuł omawia, dlaczego regularne ćwiczenia na siłowni mogą pomóc zachować sprawność i zdrowie w starszym wieku;2023-07-05;seniorSila.png
Jak unikać kontuzji na siłowni;Bezpieczeństwo na siłowni jest kluczowe, a unikanie kontuzji to priorytet dla każdego ćwiczącego. Nasz artykuł zawiera istotne wskazówki, jak unikać kontuzji podczas treningów na siłowni. Omawiamy zagadnienia związane z rozgrzewaniem, techniką ćwiczeń i odpowiednim odpoczynkiem;2023-07-12;kontuzja.png
Suplementy diety na siłowni: Które warto rozważyć;Suplementacja diety może być pomocna dla osób aktywnych fizycznie, zwłaszcza na siłowni. Nasz przewodnik po suplementach diety pomoże ci zrozumieć, które z nich mogą wspierać wzrost masy mięśniowej, regenerację i ogólną wydolność organizmu. Dowiedz się, jakie suplementy warto rozważyć w zależności od swoich celów treningowych;2023-07-26;suplementy.png
Porady dla kobiet na siłowni: Jak trenować, aby osiągnąć wymarzoną sylwetkę bez obaw o nadmierny przyrost masy mięśniowej;Często kobiety obawiają się, że trening siłowy spowoduje nadmierny przyrost masy mięśniowej. Nasz artykuł zawiera porady specjalnie dla kobiet, które chcą osiągnąć wymarzoną sylwetkę, jednocześnie zachowując proporcje ciała. Dowiedz się, jak trenować, aby uzyskać sylwetkę marzeń;2023-08-09;poradyKobiet.png
Jak efektywnie budować masę mięśniową na siłowni;Budowa masy mięśniowej to cel wielu osób na siłowni. Nasz artykuł przedstawia kluczowe czynniki i techniki treningowe, które pomogą ci osiągnąć sukces w budowaniu mięśni. Dowiedz się, jak dostosować swój plan treningowy i dietę, aby efektywnie budować masę mięśniową;2023-08-16;masaMiesni.png
Trening funkcjonalny: Co to jest i jakie korzyści przynosi;Trening funkcjonalny to podejście, które kładzie nacisk na rozwinięcie sprawności ruchowej i przygotowanie do codziennych aktywności. Nasz artykuł omawia, czym jest trening funkcjonalny i jakie korzyści przynosi. Dowiedz się, jak ten rodzaj treningu może poprawić twoją ogólną kondycję;2023-08-30;treningFunkcjonalny.png
Dieta i ćwiczenia na spalanie tłuszczu: Jak dostosować jadłospis do celów utraty wagi;Efektywne spalanie tłuszczu to częsty cel na siłowni. Nasz artykuł przedstawia, jak dostosować jadłospis do celów utraty wagi. Znajdziesz tu porady żywieniowe, które pomogą ci osiągnąć swoje cele odchudzania, jednocześnie dostarczając organizmowi odpowiednich składników odżywczych;2023-09-06;spalanieTluszczu.png
Jak przeciwdziałać zakwasom mięśni po intensywnym treningu;Zakwasy mięśni to częsty towarzysz intensywnego treningu siłowego. Nasz artykuł zawiera praktyczne wskazówki, jak złagodzić bolesność mięśniową i przeciwdziałać zakwasom. Dowiedz się, jakie ćwiczenia rozciągające i techniki regeneracyjne mogą pomóc ci poczuć się lepiej po treningu;2023-09-13;zakwasy.png
Inspirujące historie sukcesu na siłowni: Jak osoby zyskały pewność siebie i zdrowie dzięki regularnemu treningowi;Historie ludzi, którzy odnieśli sukces na siłowni, mogą być inspiracją dla innych. Nasz artykuł prezentuje opowieści o osobach, które dzięki regularnemu treningowi na siłowni zdobyły pewność siebie, poprawiły zdrowie i zmieniły swoje życie. Dowiedz się, jak trening może mieć pozytywny wpływ na twój rozwój osobisty;2023-09-27;historieSukcesu.png
Zdrowa dieta a wyniki na siłowni: Jak dbać o odpowiednie nawodnienie, białko i mikroelementy;Prawidłowa dieta ma kluczowe znaczenie dla osiągnięcia sukcesu na siłowni. Nasz artykuł omawia, jak zadbać o odpowiednie nawodnienie, dostarczyć organizmowi wystarczającą ilość białka i mikroelementów. Dowiedz się, jakie składniki odżywcze wpływają na Twoje wyniki treningowe;2023-10-11;dieta.png
Rola trenera osobistego na siłowni: Jak profesjonalna pomoc może przyspieszyć osiągnięcie celów treningowych;Trener osobisty na siłowni może być cennym wsparciem w osiąganiu celów treningowych. Nasz artykuł omawia rolę trenera osobistego i jak profesjonalna pomoc może przyspieszyć Twoje postępy na siłowni. Poznaj zalety współpracy z trenerem osobistym i jak może dostosować plan treningowy do Twoich potrzeb;2023-10-25;trener.png
Jak trenować z ciężarem własnego ciała;Trening z wykorzystaniem ciężaru własnego ciała to skuteczna forma aktywności fizycznej, którą można wykonywać bez konieczności korzystania z dodatkowego sprzętu. Nasz artykuł prezentuje różne ćwiczenia, które wykorzystują masę ciała jako opór. Dowiedz się, jak efektywnie trenować i budować siłę przy użyciu własnego ciała;2022-11-07;wagaCiala.png
Praktyczne porady na siłowni dla seniorów: Jak ćwiczyć bezpiecznie i korzystać z benefitów regularnego treningu;Trening na siłowni może przynieść wiele korzyści osobom starszym. Nasz artykuł zawiera praktyczne porady, jak ćwiczyć bezpiecznie i korzystać z benefitów regularnego treningu. Dowiedz się, jakie ćwiczenia są odpowiednie dla seniorów i jak dbać o swoje zdrowie poprzez aktywność fizyczną;2022-11-20;seniorGym.png
Dieta wegańska a sport: Jak dostarczać organizmowi odpowiednią ilość białka i innych składników odżywczych;Dieta wegańska może być zrównoważona i dostarczać organizmowi wszystkich niezbędnych składników odżywczych, nawet dla osób aktywnych fizycznie. Nasz artykuł omawia, jak dostarczać organizmowi odpowiednią ilość białka, witamin i minerałów w diecie wegańskiej. Dowiedz się, jak zbilansować dietę wegańską, aby wspierać swoje cele sportowe;2023-07-02;vegan.png
Jak zbudować treningowy plan działania na 2023 rok; Nowy rok to doskonały moment, aby określić cele treningowe i stworzyć plan działania na nadchodzący rok. W naszym artykule znajdziesz praktyczne wskazówki, jak zbudować spersonalizowany plan treningowy, uwzględniający cele, harmonogram i metody pomiaru postępów. Dowiedz się, jak zrobić kroki ku osiągnięciu swoich fitnessowych celów w 2023 roku;2022-12-15;kalendarz.png
Korzyści płynące z treningu w grupie; Trening w grupie ma wiele zalet, zarówno dla początkujących, jak i zaawansowanych ćwiczących. Nasz artykuł omawia korzyści płynące z uczestnictwa w zajęciach grupowych na siłowni, takie jak motywacja, wsparcie społeczności i rozwijanie umiejętności interpersonalnych. Dowiedz się, dlaczego trening w grupie może być inspirujący i skuteczny;2022-12-23;grupa.png